{
   "data": [
      {
         "name": "Cube 2",
         "position": {
            "x": 3.0708200931549072,
            "y": -10.0,
            "z": -5.335330009460449
         },
         "rotation": {
            "x": -0.0,
            "y": 0.0,
            "z": 0.0
         },
         "color": "#ffc5c6",
         "type": "cube",
         "primitive_specific": {
            "length": 10.0,
            "width": 10.0,
            "height": 1.0
         },
         "id": 225336118419355734
      },
      {
         "name": "Cube 3",
         "position": {
            "x": 4.397870063781738,
            "y": 1.9019500017166138,
            "z": -10.965470314025879
         },
         "rotation": {
            "x": 45.000003814697266,
            "y": 0.0,
            "z": -45.000003814697266
         },
         "color": "#49ff07",
         "type": "cube",
         "primitive_specific": {
            "length": 1.0,
            "width": 2.0,
            "height": 7.0
         },
         "id": 188773635252237109
      },
      {
         "name": "Sphere 1",
         "position": {
            "x": -7.0,
            "y": -0.10857000201940536,
            "z": 1.1109600067138672
         },
         "rotation": {
            "x": -0.0,
            "y": 0.0,
            "z": 0.0
         },
         "color": "#ffdf8f",
         "type": "sphere",
         "primitive_specific": {
            "radius": 2.549999952316284
         },
         "id": 124277340458045536
      },
      {
         "name": "Meg Cube",
         "position": {
            "x": 0.7259299755096436,
            "y": 11.021929740905762,
            "z": 0.5581099987030029
         },
         "rotation": {
            "x": 45.000003814697266,
            "y": 0.0,
            "z": 0.0
         },
         "color": "#0073ff",
         "type": "cube",
         "primitive_specific": {
            "length": 2.0,
            "width": 1.0,
            "height": 1.0
         },
         "id": 228265937306533368
      }
   ]
}